{
  "$schema": "https://schema.management.azure.com/schemas/2015-01-01/deploymentTemplate.json#",
  "contentVersion": "1.0.0.0",
  "parameters": {
    "spVMName": {
      "type": "string"
    },
    "location": {
      "type" : "string"
    },
    "spModulesURL" : {
      "type" : "string"
    },
    "spConfigurationFunction" : {
      "type" : "string"
    },
    "domainName" : {
      "type" : "string"
    },
    "adminUserName" :{
      "type" : "string"
    },
    "sharePointSetupUserAccountUserName" : {
      "type" : "string"
    },
    "sharePointFarmAccountUserName" : {
      "type" : "string"
    },
    "configDatabaseName" : {
      "type" : "string"
    },
    "administrationContentDatabaseName" : {
      "type" : "string"
    },
    "sqlVMName" : {
      "type" : "string"
    },
    "fqdn" : {
      "type" : "string"
    },
    "spCentralAdminPort" : {
      "type" : "int"
    },
    "contentDatabaseName" : {
      "type" : "string"
    },
    "spSiteTemplateName" : {
      "type" : "string"
    },
    "adminPassword" : {
      "type" : "securestring"
    },
    "sharePointSetupUserAccountPassword" : {
      "type" : "securestring"
    },
    "sharePointFarmAccountPassword" : {
      "type" : "securestring"
    },
    "sharePointFarmPassphrasePassword" : {
      "type" : "securestring"
    }
  },
  "resources": [
    {
      "type": "Microsoft.Compute/virtualMachines/extensions",
      "name": "[concat(parameters('spVMName'),'/ConfigureSPServer')]",
      "apiVersion": "2015-05-01-preview",
      "location": "[parameters('location')]",
      "properties": {
        "publisher": "Microsoft.Powershell",
        "type": "DSC",
        "typeHandlerVersion": "1.7",
        "settings": {
          "ModulesUrl": "[parameters('spModulesURL')]",
          "ConfigurationFunction": "[parameters('spConfigurationFunction')]",
          "Properties": {
            "DomainName": "[parameters('domainName')]",
            "AdminCreds": {
              "UserName": "[parameters('adminUserName')]",
              "Password": "PrivateSettingsRef:AdminPassword"
            },
            "SharePointSetupUserAccountcreds": {
              "UserName": "[parameters('sharePointSetupUserAccountUserName')]",
              "Password": "PrivateSettingsRef:SharePointSetupUserAccountPassword"
            },
            "SharePointFarmAccountcreds": {
              "UserName": "[parameters('sharePointFarmAccountUserName')]",
              "Password": "PrivateSettingsRef:SharePointFarmAccountPassword"
            },
            "SharePointFarmPassphrasecreds": {
              "UserName": "ignore",
              "Password": "PrivateSettingsRef:SharePointFarmPassphrasePassword"
            },
            "DatabaseName": "[parameters('configDatabaseName')]",
            "AdministrationContentDatabaseName": "[parameters('administrationContentDatabaseName')]",
            "DatabaseServer": "[concat(parameters('sqlVMName'),'.',parameters('domainName'))]",
            "Configuration": "[concat('{\"roles\":[{\"type\":\"application\",\"properties\":{\"fqdn\":\"',parameters('fqdn'),'\",\"port\":',parameters('spCentralAdminPort'),'}},{\"type\":\"web\",\"properties\":{\"webApp\":{\"name\":\"spARM\",\"applicationPool\":\"spARM AppPool\",\"applicationPoolAccount\":\"', parameters('sharePointFarmAccountUserName'),'\",\"url\":\"http://',parameters('fqdn'),'\",\"port\":80,\"hostHeader\":\"',parameters('fqdn'),'\",\"databaseName\":\"',parameters('contentDatabaseName'),'\"},\"site\":{\"name\":\"spARM\",\"template\":\"',parameters('spSiteTemplateName'),'\",\"url\":\"http://',parameters('fqdn'),'\",\"ownerAliasDomain\":\"',parameters('domainName'),'\",\"ownerAliasUserName\":\"',parameters('sharePointFarmAccountUserName'),'\",\"secondaryOwnerAliasDomain\":\"',parameters('domainName'),'\",\"secondaryOwnerAliasUserName\":\"',parameters('adminUserName'),'\"}}}],\"configureForHa\":\"False\",\"loadBalancedSetProbePort\":0}')]"
          }
        },
        "protectedSettings": {
          "Items": {
            "AdminPassword": "[parameters('adminPassword')]",
            "SharePointSetupUserAccountPassword": "[parameters('sharePointSetupUserAccountPassword')]",
            "SharePointFarmAccountPassword": "[parameters('sharePointFarmAccountPassword')]",
            "SharePointFarmPassphrasePassword": "[parameters('sharePointFarmPassphrasePassword')]"
          }
        }
      }
    }
  ]
}
