{
  "$schema": "https://schema.management.azure.com/schemas/2015-01-01/deploymentTemplate.json#",
  "contentVersion": "1.0.0.0",
  "parameters": {
    "location": {
      "type": "string"
    },
    "sppublicIPAddressName": {
      "type" : "string"
    },
    "publicIPAddressType" : {
      "type" : "string"
    },
    "spDNSPrefix" : {
      "type" : "string"
    },
    "spLBName" : {
      "type" : "string"
    },
    "LBFE" :{
      "type" : "string"
    },
    "LBBE" : {
      "type" : "string"
    },
    "RDPNAT" : {
      "type" : "string"
    },
    "spWebNAT" : {
      "type" : "string"
    },
    "spPublicIPRGName" : {
      "type" : "string"
    }
  },
  "variables":{
    "publicIpId" : "[resourceId(parameters('spPublicIPRGName'),concat('Microsoft.Network','/','publicIPAddresses'),parameters('sppublicIPAddressName'))]"
  },
  "resources": [
    {
      "apiVersion": "2015-05-01-preview",
      "name": "[parameters('spLBName')]",
      "type": "Microsoft.Network/loadBalancers",
      "location": "[parameters('location')]",
      "properties": {
        "frontendIPConfigurations": [
          {
            "name": "[parameters('LBFE')]",
            "properties": {
              "publicIPAddress": {
                "id": "[variables('publicIpId')]"
              }
            }
          }
        ],
        "backendAddressPools": [
          {
            "name": "[parameters('LBBE')]"
          }
        ],
        "inboundNatRules": [
          {
            "name": "[parameters('RDPNAT')]",
            "properties": {
              "frontendIPConfiguration": {
                "id": "[concat(resourceid('Microsoft.Network/loadBalancers',parameters('spLBName')), '/frontendIPConfigurations/',parameters('LBFE'))]"
              },
              "protocol": "tcp",
              "frontendPort": 3389,
              "backendPort": 3389,
              "enableFloatingIP": false
            }
          },
          {
            "name": "[parameters('spWebNAT')]",
            "properties": {
              "frontendIPConfiguration": {
                "id": "[concat(resourceid('Microsoft.Network/loadBalancers',parameters('spLBName')), '/frontendIPConfigurations/',parameters('LBFE'))]"
              },
              "protocol": "tcp",
              "frontendPort": 80,
              "backendPort": 80,
              "enableFloatingIP": false
            }
          }
        ]
      }
    }
  ],
  "outputs": {
    "splbID": {
      "value": "[resourceId('Microsoft.Network/loadBalancers',parameters('spLBName'))]",
      "type": "string"
    },
    "fqdn" : {
      "value": "[reference(variables('publicIpId'),providers('Microsoft.Network', 'publicIPAddresses').apiVersions[0]).dnsSettings.fqdn]",
      "type" : "string"
    }
  }
}
